entity_name,property_name,tenant_name,ledger_type,ledger_group,ledger_category,ledger_code,ledger_description,month,quarter,year,profit
PropCo,Building 120,Tenant 1,expenses,general_expenses,accountant_costs,4370.0,Accountant costs,2024-M01,2024-Q1,2024,-0.0
,Building 140,Tenant 10,revenue,management_fees,administration_costs,4460.0,Administration costs,2024-M02,2024-Q2,2025,-0.01
,Building 160,Tenant 11,,rental_income,asset_management_fees,4611.0,Asset Management Fees,2024-M03,2024-Q3,,-0.02
,Building 17,Tenant 12,,sales_discounts,bank_charges,4650.0,Bank charges,2024-M04,2024-Q4,,-0.03
,Building 180,Tenant 13,,taxes_and_insurances,broker's_fees,4800.0,Broker's fee,2024-M05,2025-Q1,,-0.07
,,Tenant 14,,,directors_fee,4801.0,Director's Fee,2024-M06,,,-0.11
,,Tenant 15,,,expense_return,4805.0,Expenses Return,2024-M07,,,-0.2
,,Tenant 16,,,financial_expenses,4810.0,Insurance in general,2024-M08,,,-0.53
,,Tenant 17,,,insurance_in_general,4815.0,Interest loan AT,2024-M09,,,-0.55
,,Tenant 18,,,interest_mortgage,4820.0,Legal advice,2024-M10,,,-1.62
,,Tenant 2,,,legal_advice,4822.0,Maintenance Costs Owner,2024-M11,,,-1000.32
,,Tenant 3,,,maintenance_owner,4823.0,Non reclaimable SC,2024-M12,,,-10022.25
,,Tenant 4,,,non_reclaimable_sc,4825.0,Non reclaimable VAT,2025-M01,,,-101128.27
,,Tenant 5,,,non_reclaimable_vat,4828.0,Other Management Fees,2025-M02,,,-10132.38
,,Tenant 6,,,other_consultancy_costs,4829.0,Other consultancy costs,2025-M03,,,-1021.98
,,Tenant 7,,,other_general_expenses,4838.0,Other general costs,,,,-1041.62
,,Tenant 8,,,other_management_fees,4855.0,Owner expenses,,,,-1041.63
,,Tenant 9,,,permits_and_fees,4880.0,Permits / leges / etc.,,,,-1042.6
,,,,,proceeds_parking_taxed,4898.0,Proceeds Parking Tax,,,,-105.87
,,,,,proceeds_parking_untaxed,4998.0,Proceeds Parking untaxed,,,,-108.32
,,,,,proceeds_rent_untaxed,4999.0,Proceeds Rent untaxed,,,,-1081.39
,,,,,property_management_fees,8000.0,Property Management Fees,,,,-109.52
,,,,,real_estate_taxes,8001.0,Real estate tax,,,,-110.73
,,,,,rent_discount_taxed,8002.0,Rent discount taxed,,,,-111.94
,,,,,rent_discount_untaxed,8003.0,Rent discount untaxed,,,,-1110.6
,,,,,research_and_information,8004.0,Revenue Rent taxed,,,,-1113.91
,,,,,revenue_rent_taxed,8005.0,Success Fee,,,,-1125.0
,,,,,success_fees,8008.0,VAT compensation,,,,-113.16
,,,,,vat_compensation,,,,,,-113.17
,,,,,,,,,,,-114053.26
,,,,,,,,,,,-115320.52
,,,,,,,,,,,-116256.03
,,,,,,,,,,,-1164.9
,,,,,,,,,,,-116587.77
,,,,,,,,,,,-11697.38
,,,,,,,,,,,-1189.07
,,,,,,,,,,,-11934.38
,,,,,,,,,,,-12.0
,,,,,,,,,,,-1205.13
,,,,,,,,,,,-1208.95
,,,,,,,,,,,-1208.96
,,,,,,,,,,,-121.29
,,,,,,,,,,,-1227.63
,,,,,,,,,,,-123.56
,,,,,,,,,,,-1232.06
,,,,,,,,,,,-12357.64
,,,,,,,,,,,-1240.92
,,,,,,,,,,,-1242.48
,,,,,,,,,,,-12495.09
,,,,,,,,,,,-1254.63
,,,,,,,,,,,-12622.65
,,,,,,,,,,,-129.5
,,,,,,,,,,,-12956.05
,,,,,,,,,,,-13021.42
,,,,,,,,,,,-1312.59
,,,,,,,,,,,-1315.14
,,,,,,,,,,,-13267.58
,,,,,,,,,,,-13425.09
,,,,,,,,,,,-136.64
,,,,,,,,,,,-1361.16
,,,,,,,,,,,-1361.9
,,,,,,,,,,,-13653.54
,,,,,,,,,,,-13731.88
,,,,,,,,,,,-13789.38
,,,,,,,,,,,-13827.84
,,,,,,,,,,,-13863.09
,,,,,,,,,,,-140.7
,,,,,,,,,,,-1406.12
,,,,,,,,,,,-14250.0
,,,,,,,,,,,-143.46
,,,,,,,,,,,-1435.55
,,,,,,,,,,,-144.16
,,,,,,,,,,,-144.97
,,,,,,,,,,,-1449.72
,,,,,,,,,,,-145.62
,,,,,,,,,,,-145.75
,,,,,,,,,,,-14518.87
,,,,,,,,,,,-1459.47
,,,,,,,,,,,-146.56
,,,,,,,,,,,-148.48
,,,,,,,,,,,-1493.21
,,,,,,,,,,,-149772.12
,,,,,,,,,,,-15.58
,,,,,,,,,,,-1500.0
,,,,,,,,,,,-15000.0
,,,,,,,,,,,-153.66
,,,,,,,,,,,-153.84
,,,,,,,,,,,-1538.0
,,,,,,,,,,,-154.14
,,,,,,,,,,,-154415.07
,,,,,,,,,,,-1588.85
,,,,,,,,,,,-159.46
,,,,,,,,,,,-1615.5
,,,,,,,,,,,-164.77
,,,,,,,,,,,-164.8
,,,,,,,,,,,-16687.0
,,,,,,,,,,,-1698.3
,,,,,,,,,,,-17.02
,,,,,,,,,,,-17.57
,,,,,,,,,,,-17280.0
,,,,,,,,,,,-1731.56
,,,,,,,,,,,-174.23
,,,,,,,,,,,-17472.0
,,,,,,,,,,,-17474.36
,,,,,,,,,,,-17622.47
,,,,,,,,,,,-17664.0
,,,,,,,,,,,-18016.0
,,,,,,,,,,,-182.85
,,,,,,,,,,,-1851.21
,,,,,,,,,,,-18830.51
,,,,,,,,,,,-1894.09
,,,,,,,,,,,-19.17
,,,,,,,,,,,-19.22
,,,,,,,,,,,-19.69
,,,,,,,,,,,-1908.6
,,,,,,,,,,,-19441.08
,,,,,,,,,,,-1945.4
,,,,,,,,,,,-199.8
,,,,,,,,,,,-2.03
,,,,,,,,,,,-2.95
,,,,,,,,,,,-205.85
,,,,,,,,,,,-20571.04
,,,,,,,,,,,-208.5
,,,,,,,,,,,-21.7
,,,,,,,,,,,-21126.45
,,,,,,,,,,,-21336.88
,,,,,,,,,,,-2142.81
,,,,,,,,,,,-216.27
,,,,,,,,,,,-2177.25
,,,,,,,,,,,-218.64
,,,,,,,,,,,-219.2
,,,,,,,,,,,-221.46
,,,,,,,,,,,-222.12
,,,,,,,,,,,-225.0
,,,,,,,,,,,-2250.0
,,,,,,,,,,,-2254.47
,,,,,,,,,,,-226.39
,,,,,,,,,,,-22997.69
,,,,,,,,,,,-23.08
,,,,,,,,,,,-23.48
,,,,,,,,,,,-2307.0
,,,,,,,,,,,-2366.8
,,,,,,,,,,,-24.0
,,,,,,,,,,,-2437.75
,,,,,,,,,,,-24385.49
,,,,,,,,,,,-244.99
,,,,,,,,,,,-24667.99
,,,,,,,,,,,-24713.17
,,,,,,,,,,,-2481.2
,,,,,,,,,,,-2491.81
,,,,,,,,,,,-25.0
,,,,,,,,,,,-250.0
,,,,,,,,,,,-253.43
,,,,,,,,,,,-253.48
,,,,,,,,,,,-256.25
,,,,,,,,,,,-25713.77
,,,,,,,,,,,-2599.29
,,,,,,,,,,,-26.79
,,,,,,,,,,,-261.88
,,,,,,,,,,,-262.22
,,,,,,,,,,,-262.38
,,,,,,,,,,,-2633.9
,,,,,,,,,,,-267.31
,,,,,,,,,,,-270.96
,,,,,,,,,,,-270.99
,,,,,,,,,,,-271.43
,,,,,,,,,,,-275.0
,,,,,,,,,,,-2767.43
,,,,,,,,,,,-280.47
,,,,,,,,,,,-280.48
,,,,,,,,,,,-286.96
,,,,,,,,,,,-292.95
,,,,,,,,,,,-29250.0
,,,,,,,,,,,-294.69
,,,,,,,,,,,-29743.44
,,,,,,,,,,,-3000.0
,,,,,,,,,,,-303.11
,,,,,,,,,,,-3090.37
,,,,,,,,,,,-31.72
,,,,,,,,,,,-313.12
,,,,,,,,,,,-31830.42
,,,,,,,,,,,-3199.11
,,,,,,,,,,,-32.0
,,,,,,,,,,,-32088.54
,,,,,,,,,,,-324.15
,,,,,,,,,,,-32530.79
,,,,,,,,,,,-32944.33
,,,,,,,,,,,-33.18
,,,,,,,,,,,-3311.4
,,,,,,,,,,,-332.2
,,,,,,,,,,,-332.26
,,,,,,,,,,,-335.31
,,,,,,,,,,,-335.33
,,,,,,,,,,,-3380.74
,,,,,,,,,,,-339.98
,,,,,,,,,,,-3419.35
,,,,,,,,,,,-343.71
,,,,,,,,,,,-346.49
,,,,,,,,,,,-346.51
,,,,,,,,,,,-347.53
,,,,,,,,,,,-347.54
,,,,,,,,,,,-351.31
,,,,,,,,,,,-3530.79
,,,,,,,,,,,-355.17
,,,,,,,,,,,-357.75
,,,,,,,,,,,-362.15
,,,,,,,,,,,-3654.35
,,,,,,,,,,,-36750.5
,,,,,,,,,,,-3737.24
,,,,,,,,,,,-3740.8
,,,,,,,,,,,-375.0
,,,,,,,,,,,-38017.75
,,,,,,,,,,,-38440.17
,,,,,,,,,,,-3853.08
,,,,,,,,,,,-3865.48
,,,,,,,,,,,-3865.49
,,,,,,,,,,,-38752.01
,,,,,,,,,,,-38862.59
,,,,,,,,,,,-389.27
,,,,,,,,,,,-39285.01
,,,,,,,,,,,-3929.25
,,,,,,,,,,,-394.3
,,,,,,,,,,,-397.3
,,,,,,,,,,,-3993.83
,,,,,,,,,,,-4.01
,,,,,,,,,,,-4.29
,,,,,,,,,,,-4.92
,,,,,,,,,,,-400.0
,,,,,,,,,,,-400.75
,,,,,,,,,,,-4051.05
,,,,,,,,,,,-4069.84
,,,,,,,,,,,-4091.02
,,,,,,,,,,,-415.0
,,,,,,,,,,,-419.33
,,,,,,,,,,,-423.26
,,,,,,,,,,,-4275.97
,,,,,,,,,,,-428.0
,,,,,,,,,,,-434.42
,,,,,,,,,,,-439.62
,,,,,,,,,,,-4500.0
,,,,,,,,,,,-453.97
,,,,,,,,,,,-454.49
,,,,,,,,,,,-45637.72
,,,,,,,,,,,-457.64
,,,,,,,,,,,-46.02
,,,,,,,,,,,-46.3
,,,,,,,,,,,-460.89
,,,,,,,,,,,-464.3
,,,,,,,,,,,-47869.8
,,,,,,,,,,,-479.25
,,,,,,,,,,,-485.0
,,,,,,,,,,,-48529.53
,,,,,,,,,,,-486.36
,,,,,,,,,,,-488.42
,,,,,,,,,,,-489.14
,,,,,,,,,,,-49231.7
,,,,,,,,,,,-49375.42
,,,,,,,,,,,-494.5
,,,,,,,,,,,-496.5
,,,,,,,,,,,-4978.77
,,,,,,,,,,,-5.02
,,,,,,,,,,,-500.0
,,,,,,,,,,,-502.08
,,,,,,,,,,,-50227.83
,,,,,,,,,,,-503.38
,,,,,,,,,,,-504.89
,,,,,,,,,,,-5043.39
,,,,,,,,,,,-505.43
,,,,,,,,,,,-508.8
,,,,,,,,,,,-510.99
,,,,,,,,,,,-511.96
,,,,,,,,,,,-515.61
,,,,,,,,,,,-5153.0
,,,,,,,,,,,-5186.87
,,,,,,,,,,,-519.65
,,,,,,,,,,,-5194.68
,,,,,,,,,,,-52602.93
,,,,,,,,,,,-5298.0
,,,,,,,,,,,-534.02
,,,,,,,,,,,-543.75
,,,,,,,,,,,-547.83
,,,,,,,,,,,-549.17
,,,,,,,,,,,-55.56
,,,,,,,,,,,-552.44
,,,,,,,,,,,-5568.0
,,,,,,,,,,,-5571.97
,,,,,,,,,,,-562.76
,,,,,,,,,,,-567.0
,,,,,,,,,,,-568.39
,,,,,,,,,,,-570.85
,,,,,,,,,,,-570.86
,,,,,,,,,,,-5760.0
,,,,,,,,,,,-5760.78
,,,,,,,,,,,-5806.1
,,,,,,,,,,,-582.45
,,,,,,,,,,,-5824.0
,,,,,,,,,,,-58500.0
,,,,,,,,,,,-586.37
,,,,,,,,,,,-5874.16
,,,,,,,,,,,-588.21
,,,,,,,,,,,-5888.0
,,,,,,,,,,,-589.51
,,,,,,,,,,,-5952.0
,,,,,,,,,,,-5958.0
,,,,,,,,,,,-603.61
,,,,,,,,,,,-609.91
,,,,,,,,,,,-6137.32
,,,,,,,,,,,-6166.5
,,,,,,,,,,,-617.63
,,,,,,,,,,,-624.43
,,,,,,,,,,,-6249.77
,,,,,,,,,,,-625.56
,,,,,,,,,,,-631.36
,,,,,,,,,,,-631.37
,,,,,,,,,,,-635.6
,,,,,,,,,,,-638.23
,,,,,,,,,,,-6422.86
,,,,,,,,,,,-645.24
,,,,,,,,,,,-648.64
,,,,,,,,,,,-65.1
,,,,,,,,,,,-65497.19
,,,,,,,,,,,-670.33
,,,,,,,,,,,-6739.74
,,,,,,,,,,,-6889.06
,,,,,,,,,,,-69.24
,,,,,,,,,,,-700.0
,,,,,,,,,,,-72.43
,,,,,,,,,,,-724.89
,,,,,,,,,,,-727.17
,,,,,,,,,,,-728.76
,,,,,,,,,,,-73.02
,,,,,,,,,,,-7328.93
,,,,,,,,,,,-741.76
,,,,,,,,,,,-750.0
,,,,,,,,,,,-7500.0
,,,,,,,,,,,-752.28
,,,,,,,,,,,-754.12
,,,,,,,,,,,-765.55
,,,,,,,,,,,-768.75
,,,,,,,,,,,-769.0
,,,,,,,,,,,-776.87
,,,,,,,,,,,-777.36
,,,,,,,,,,,-778.11
,,,,,,,,,,,-7834.38
,,,,,,,,,,,-7868.82
,,,,,,,,,,,-792.34
,,,,,,,,,,,-797.07
,,,,,,,,,,,-7999.97
,,,,,,,,,,,-8039.17
,,,,,,,,,,,-8213.72
,,,,,,,,,,,-8222.66
,,,,,,,,,,,-8237.72
,,,,,,,,,,,-825.0
,,,,,,,,,,,-830.44
,,,,,,,,,,,-8307.14
,,,,,,,,,,,-8312.28
,,,,,,,,,,,-8375.83
,,,,,,,,,,,-8384.05
,,,,,,,,,,,-865.78
,,,,,,,,,,,-8653.08
,,,,,,,,,,,-866.43
,,,,,,,,,,,-8661.57
,,,,,,,,,,,-8728.65
,,,,,,,,,,,-874.75
,,,,,,,,,,,-881.57
,,,,,,,,,,,-8964.68
,,,,,,,,,,,-898.38
,,,,,,,,,,,-9.16
,,,,,,,,,,,-90.37
,,,,,,,,,,,-900.0
,,,,,,,,,,,-942.57
,,,,,,,,,,,-9478.68
,,,,,,,,,,,-948.18
,,,,,,,,,,,-95.66
,,,,,,,,,,,-950.72
,,,,,,,,,,,-9538.04
,,,,,,,,,,,-956.04
,,,,,,,,,,,-9581.64
,,,,,,,,,,,-9642.85
,,,,,,,,,,,-9642.86
,,,,,,,,,,,-9698.94
,,,,,,,,,,,-9750.0
,,,,,,,,,,,-97708.92
,,,,,,,,,,,-9805.53
,,,,,,,,,,,-981.36
,,,,,,,,,,,-9855.98
,,,,,,,,,,,-9914.48
,,,,,,,,,,,-9916.95
,,,,,,,,,,,0.01
,,,,,,,,,,,0.02
,,,,,,,,,,,0.03
,,,,,,,,,,,0.04
,,,,,,,,,,,0.1
,,,,,,,,,,,0.32
,,,,,,,,,,,0.43
,,,,,,,,,,,0.54
,,,,,,,,,,,1.84
,,,,,,,,,,,1000.0
,,,,,,,,,,,1005.49
,,,,,,,,,,,101.03
,,,,,,,,,,,101.04
,,,,,,,,,,,101128.27
,,,,,,,,,,,10143.76
,,,,,,,,,,,103509.0
,,,,,,,,,,,10379.48
,,,,,,,,,,,1042.6
,,,,,,,,,,,10493.55
,,,,,,,,,,,10610.14
,,,,,,,,,,,10725.47
,,,,,,,,,,,108.1
,,,,,,,,,,,1081.39
,,,,,,,,,,,10843.33
,,,,,,,,,,,11.06
,,,,,,,,,,,110.73
,,,,,,,,,,,111.77
,,,,,,,,,,,1110.6
,,,,,,,,,,,1113.91
,,,,,,,,,,,1125.0
,,,,,,,,,,,1125.2
,,,,,,,,,,,1139.78
,,,,,,,,,,,1139.79
,,,,,,,,,,,1151.35
,,,,,,,,,,,11520.0
,,,,,,,,,,,1164.0
,,,,,,,,,,,1164.9
,,,,,,,,,,,11648.0
,,,,,,,,,,,11748.32
,,,,,,,,,,,1176.93
,,,,,,,,,,,11776.0
,,,,,,,,,,,1189.07
,,,,,,,,,,,1189.72
,,,,,,,,,,,1190.99
,,,,,,,,,,,11934.38
,,,,,,,,,,,1202.79
,,,,,,,,,,,1202.8
,,,,,,,,,,,1205.13
,,,,,,,,,,,12076.66
,,,,,,,,,,,121.29
,,,,,,,,,,,1227.63
,,,,,,,,,,,123.56
,,,,,,,,,,,1232.06
,,,,,,,,,,,12357.64
,,,,,,,,,,,1242.48
,,,,,,,,,,,12495.09
,,,,,,,,,,,1252.18
,,,,,,,,,,,1256.44
,,,,,,,,,,,1269.67
,,,,,,,,,,,1273.12
,,,,,,,,,,,1273.13
,,,,,,,,,,,1284.36
,,,,,,,,,,,129.5
,,,,,,,,,,,1295.36
,,,,,,,,,,,12956.05
,,,,,,,,,,,1298.32
,,,,,,,,,,,13.3
,,,,,,,,,,,13021.42
,,,,,,,,,,,1312.59
,,,,,,,,,,,1315.14
,,,,,,,,,,,1320.99
,,,,,,,,,,,13267.58
,,,,,,,,,,,1338.53
,,,,,,,,,,,1338.54
,,,,,,,,,,,13425.09
,,,,,,,,,,,1350.35
,,,,,,,,,,,1361.16
,,,,,,,,,,,1361.9
,,,,,,,,,,,1365.03
,,,,,,,,,,,13653.54
,,,,,,,,,,,13731.88
,,,,,,,,,,,138.44
,,,,,,,,,,,13827.84
,,,,,,,,,,,13863.09
,,,,,,,,,,,140.7
,,,,,,,,,,,1406.12
,,,,,,,,,,,141.08
,,,,,,,,,,,141.09
,,,,,,,,,,,143.36
,,,,,,,,,,,143.46
,,,,,,,,,,,1435.55
,,,,,,,,,,,144.16
,,,,,,,,,,,144.93
,,,,,,,,,,,1449.72
,,,,,,,,,,,145.62
,,,,,,,,,,,145.75
,,,,,,,,,,,14518.87
,,,,,,,,,,,146.54
,,,,,,,,,,,147.99
,,,,,,,,,,,148.13
,,,,,,,,,,,148.48
,,,,,,,,,,,149.76
,,,,,,,,,,,1493.21
,,,,,,,,,,,149772.12
,,,,,,,,,,,15.08
,,,,,,,,,,,15.34
,,,,,,,,,,,15.58
,,,,,,,,,,,15.62
,,,,,,,,,,,1500.0
,,,,,,,,,,,15163.31
,,,,,,,,,,,15255.21
,,,,,,,,,,,1529.64
,,,,,,,,,,,153.63
,,,,,,,,,,,153.66
,,,,,,,,,,,1538.0
,,,,,,,,,,,154415.07
,,,,,,,,,,,15465.45
,,,,,,,,,,,15609.72
,,,,,,,,,,,15781.25
,,,,,,,,,,,15824.85
,,,,,,,,,,,1588.85
,,,,,,,,,,,15956.6
,,,,,,,,,,,15998.75
,,,,,,,,,,,1607.23
,,,,,,,,,,,1607.31
,,,,,,,,,,,16130.04
,,,,,,,,,,,16176.51
,,,,,,,,,,,16307.29
,,,,,,,,,,,16307.3
,,,,,,,,,,,16346.31
,,,,,,,,,,,16352.34
,,,,,,,,,,,1644.59
,,,,,,,,,,,16445.32
,,,,,,,,,,,16475.44
,,,,,,,,,,,16532.04
,,,,,,,,,,,1662.66
,,,,,,,,,,,16687.0
,,,,,,,,,,,1681.13
,,,,,,,,,,,1698.3
,,,,,,,,,,,1699.01
,,,,,,,,,,,1699.4
,,,,,,,,,,,17.02
,,,,,,,,,,,17.57
,,,,,,,,,,,1718.08
,,,,,,,,,,,1731.56
,,,,,,,,,,,1732.86
,,,,,,,,,,,174.23
,,,,,,,,,,,17474.36
,,,,,,,,,,,1780.63
,,,,,,,,,,,18016.0
,,,,,,,,,,,184.0
,,,,,,,,,,,1851.21
,,,,,,,,,,,187.45
,,,,,,,,,,,18830.51
,,,,,,,,,,,1894.09
,,,,,,,,,,,1898.7
,,,,,,,,,,,19.17
,,,,,,,,,,,19.22
,,,,,,,,,,,19.69
,,,,,,,,,,,1908.6
,,,,,,,,,,,191.31
,,,,,,,,,,,191.81
,,,,,,,,,,,193.92
,,,,,,,,,,,1942.82
,,,,,,,,,,,19441.08
,,,,,,,,,,,196.07
,,,,,,,,,,,1964.18
,,,,,,,,,,,1978.02
,,,,,,,,,,,198.2
,,,,,,,,,,,1986.0
,,,,,,,,,,,199.35
,,,,,,,,,,,19937.91
,,,,,,,,,,,200.38
,,,,,,,,,,,2007.59
,,,,,,,,,,,2029.65
,,,,,,,,,,,203.98
,,,,,,,,,,,2030.49
,,,,,,,,,,,205.85
,,,,,,,,,,,2056.68
,,,,,,,,,,,20571.04
,,,,,,,,,,,206.23
,,,,,,,,,,,208.5
,,,,,,,,,,,208.52
,,,,,,,,,,,2083.25
,,,,,,,,,,,21.7
,,,,,,,,,,,210.79
,,,,,,,,,,,21126.45
,,,,,,,,,,,213.1
,,,,,,,,,,,213.11
,,,,,,,,,,,216.27
,,,,,,,,,,,2177.25
,,,,,,,,,,,218.64
,,,,,,,,,,,222.12
,,,,,,,,,,,222.69
,,,,,,,,,,,2250.0
,,,,,,,,,,,2254.47
,,,,,,,,,,,226.39
,,,,,,,,,,,23.08
,,,,,,,,,,,2307.0
,,,,,,,,,,,23570.96
,,,,,,,,,,,2582.83
,,,,,,,,,,,2597.34
,,,,,,,,,,,26.79
,,,,,,,,,,,2617.56
,,,,,,,,,,,2710.52
,,,,,,,,,,,2740.31
,,,,,,,,,,,2760.28
,,,,,,,,,,,2770.76
,,,,,,,,,,,278.77
,,,,,,,,,,,2798.08
,,,,,,,,,,,2800.88
,,,,,,,,,,,2824.43
,,,,,,,,,,,2831.66
,,,,,,,,,,,2855.46
,,,,,,,,,,,286.96
,,,,,,,,,,,288.38
,,,,,,,,,,,2887.19
,,,,,,,,,,,2918.57
,,,,,,,,,,,292.95
,,,,,,,,,,,2928.15
,,,,,,,,,,,294.75
,,,,,,,,,,,294.76
,,,,,,,,,,,2950.64
,,,,,,,,,,,2950.65
,,,,,,,,,,,297.99
,,,,,,,,,,,29743.44
,,,,,,,,,,,299.46
,,,,,,,,,,,30.7
,,,,,,,,,,,302.17
,,,,,,,,,,,303.11
,,,,,,,,,,,3030.93
,,,,,,,,,,,3053.49
,,,,,,,,,,,307.31
,,,,,,,,,,,309.18
,,,,,,,,,,,31.72
,,,,,,,,,,,31138.01
,,,,,,,,,,,312.59
,,,,,,,,,,,3124.44
,,,,,,,,,,,3124.89
,,,,,,,,,,,3158.78
,,,,,,,,,,,316.06
,,,,,,,,,,,31830.42
,,,,,,,,,,,31861.6
,,,,,,,,,,,319.5
,,,,,,,,,,,3193.88
,,,,,,,,,,,32211.73
,,,,,,,,,,,3228.6
,,,,,,,,,,,323.0
,,,,,,,,,,,323.01
,,,,,,,,,,,32569.64
,,,,,,,,,,,3264.07
,,,,,,,,,,,3264.08
,,,,,,,,,,,32923.66
,,,,,,,,,,,32944.33
,,,,,,,,,,,33.18
,,,,,,,,,,,332.2
,,,,,,,,,,,33285.45
,,,,,,,,,,,33285.46
,,,,,,,,,,,335.31
,,,,,,,,,,,3419.35
,,,,,,,,,,,344.62
,,,,,,,,,,,3463.12
,,,,,,,,,,,3530.79
,,,,,,,,,,,356.5
,,,,,,,,,,,358.52
,,,,,,,,,,,362.15
,,,,,,,,,,,364.38
,,,,,,,,,,,3654.35
,,,,,,,,,,,366.84
,,,,,,,,,,,368.38
,,,,,,,,,,,368.39
,,,,,,,,,,,370.2
,,,,,,,,,,,370.88
,,,,,,,,,,,371.3
,,,,,,,,,,,371.31
,,,,,,,,,,,3737.24
,,,,,,,,,,,374.51
,,,,,,,,,,,375.0
,,,,,,,,,,,378.93
,,,,,,,,,,,379.08
,,,,,,,,,,,3803.26
,,,,,,,,,,,38156.13
,,,,,,,,,,,383.24
,,,,,,,,,,,384.05
,,,,,,,,,,,3853.08
,,,,,,,,,,,3865.49
,,,,,,,,,,,387.75
,,,,,,,,,,,3891.64
,,,,,,,,,,,392.0
,,,,,,,,,,,3929.25
,,,,,,,,,,,3934.41
,,,,,,,,,,,397.3
,,,,,,,,,,,3978.12
,,,,,,,,,,,3978.13
,,,,,,,,,,,3981.95
,,,,,,,,,,,4.46
,,,,,,,,,,,4.7
,,,,,,,,,,,4.92
,,,,,,,,,,,400.66
,,,,,,,,,,,400.75
,,,,,,,,,,,4021.37
,,,,,,,,,,,405.07
,,,,,,,,,,,405.16
,,,,,,,,,,,4051.05
,,,,,,,,,,,4065.56
,,,,,,,,,,,4074.49
,,,,,,,,,,,409.21
,,,,,,,,,,,41.18
,,,,,,,,,,,41.19
,,,,,,,,,,,410.54
,,,,,,,,,,,4119.26
,,,,,,,,,,,414.16
,,,,,,,,,,,4149.68
,,,,,,,,,,,4165.03
,,,,,,,,,,,418.66
,,,,,,,,,,,419.11
,,,,,,,,,,,4210.3
,,,,,,,,,,,423.26
,,,,,,,,,,,4256.57
,,,,,,,,,,,428.84
,,,,,,,,,,,4292.78
,,,,,,,,,,,43.4
,,,,,,,,,,,433.56
,,,,,,,,,,,434.42
,,,,,,,,,,,4377.75
,,,,,,,,,,,438.38
,,,,,,,,,,,439.62
,,,,,,,,,,,443.15
,,,,,,,,,,,4435.87
,,,,,,,,,,,4475.03
,,,,,,,,,,,448.01
,,,,,,,,,,,448.02
,,,,,,,,,,,448.1
,,,,,,,,,,,4523.67
,,,,,,,,,,,453.96
,,,,,,,,,,,453.97
,,,,,,,,,,,457.64
,,,,,,,,,,,46.02
,,,,,,,,,,,46.16
,,,,,,,,,,,46.3
,,,,,,,,,,,460.89
,,,,,,,,,,,463.56
,,,,,,,,,,,464.3
,,,,,,,,,,,472.74
,,,,,,,,,,,47729.58
,,,,,,,,,,,47869.8
,,,,,,,,,,,479.01
,,,,,,,,,,,479.25
,,,,,,,,,,,483.24
,,,,,,,,,,,485.0
,,,,,,,,,,,48529.53
,,,,,,,,,,,486.36
,,,,,,,,,,,48644.02
,,,,,,,,,,,48750.0
,,,,,,,,,,,488.49
,,,,,,,,,,,49231.7
,,,,,,,,,,,49375.42
,,,,,,,,,,,496.5
,,,,,,,,,,,4978.77
,,,,,,,,,,,5.02
,,,,,,,,,,,50.78
,,,,,,,,,,,502.08
,,,,,,,,,,,50227.83
,,,,,,,,,,,503.38
,,,,,,,,,,,50352.75
,,,,,,,,,,,504.89
,,,,,,,,,,,5043.39
,,,,,,,,,,,506.87
,,,,,,,,,,,51021.27
,,,,,,,,,,,511.96
,,,,,,,,,,,512.5
,,,,,,,,,,,51471.69
,,,,,,,,,,,515.31
,,,,,,,,,,,5153.0
,,,,,,,,,,,5186.87
,,,,,,,,,,,519.65
,,,,,,,,,,,5194.68
,,,,,,,,,,,52031.16
,,,,,,,,,,,52602.93
,,,,,,,,,,,5298.0
,,,,,,,,,,,547.83
,,,,,,,,,,,549.17
,,,,,,,,,,,550.0
,,,,,,,,,,,5568.75
,,,,,,,,,,,562.76
,,,,,,,,,,,566.1
,,,,,,,,,,,567.0
,,,,,,,,,,,568.39
,,,,,,,,,,,5760.78
,,,,,,,,,,,582.45
,,,,,,,,,,,5874.78
,,,,,,,,,,,588.21
,,,,,,,,,,,589.51
,,,,,,,,,,,589.95
,,,,,,,,,,,5952.8
,,,,,,,,,,,5952.81
,,,,,,,,,,,5958.0
,,,,,,,,,,,6000.93
,,,,,,,,,,,6005.33
,,,,,,,,,,,6005.34
,,,,,,,,,,,6070.61
,,,,,,,,,,,609.91
,,,,,,,,,,,610.29
,,,,,,,,,,,6137.32
,,,,,,,,,,,6140.39
,,,,,,,,,,,6166.5
,,,,,,,,,,,6168.89
,,,,,,,,,,,6207.86
,,,,,,,,,,,622.36
,,,,,,,,,,,625.56
,,,,,,,,,,,630.63
,,,,,,,,,,,6345.06
,,,,,,,,,,,636.2
,,,,,,,,,,,6414.79
,,,,,,,,,,,643.12
,,,,,,,,,,,648.64
,,,,,,,,,,,6480.36
,,,,,,,,,,,65.1
,,,,,,,,,,,6555.61
,,,,,,,,,,,670.33
,,,,,,,,,,,6781.66
,,,,,,,,,,,68.92
,,,,,,,,,,,6889.06
,,,,,,,,,,,69.24
,,,,,,,,,,,69.5
,,,,,,,,,,,69.68
,,,,,,,,,,,693.85
,,,,,,,,,,,6931.54
,,,,,,,,,,,6931.55
,,,,,,,,,,,698.88
,,,,,,,,,,,7007.71
,,,,,,,,,,,7007.72
,,,,,,,,,,,7042.15
,,,,,,,,,,,709.97
,,,,,,,,,,,71.3
,,,,,,,,,,,717.77
,,,,,,,,,,,72.08
,,,,,,,,,,,72.43
,,,,,,,,,,,72.87
,,,,,,,,,,,72.88
,,,,,,,,,,,725.75
,,,,,,,,,,,727.17
,,,,,,,,,,,728.76
,,,,,,,,,,,73.02
,,,,,,,,,,,73.67
,,,,,,,,,,,73.68
,,,,,,,,,,,733.64
,,,,,,,,,,,74.04
,,,,,,,,,,,74.48
,,,,,,,,,,,741.7
,,,,,,,,,,,741.76
,,,,,,,,,,,755.03
,,,,,,,,,,,76035.5
,,,,,,,,,,,76035.51
,,,,,,,,,,,765.55
,,,,,,,,,,,76880.34
,,,,,,,,,,,769.0
,,,,,,,,,,,77504.02
,,,,,,,,,,,77725.18
,,,,,,,,,,,7868.82
,,,,,,,,,,,792.34
,,,,,,,,,,,8.86
,,,,,,,,,,,8213.72
,,,,,,,,,,,8312.28
,,,,,,,,,,,832.87
,,,,,,,,,,,8653.08
,,,,,,,,,,,8661.57
,,,,,,,,,,,874.75
,,,,,,,,,,,8964.68
,,,,,,,,,,,898.38
,,,,,,,,,,,9.13
,,,,,,,,,,,9.16
,,,,,,,,,,,907.93
,,,,,,,,,,,948.18
,,,,,,,,,,,95.65
,,,,,,,,,,,95.66
,,,,,,,,,,,9581.64
,,,,,,,,,,,9642.85
,,,,,,,,,,,9642.86
,,,,,,,,,,,97708.92
,,,,,,,,,,,981.36
,,,,,,,,,,,9916.95
,,,,,,,,,,,994.57
